{
  "add_item_button":{
    "background-color": "#FF5F5F",
    "height": "60",
    "width": "60",
    "border-radius": "30",
    "font-size": "30",
    "font-weight": "bold",
    "vertical-align": "center",
    "text-align": "center",
    "margin": "0 0 10 0",
    "color": "#ffffff",
    "shadow-color": "#000000",
    "shadow-radius": "4",
    "shadow-offset": "0 2",
    "border-width": "3",
    "border-color": "#ffffff"
  },

  "mit_no_items":{
    "color" : "#545050",
    "font-size" : "18",
    "margin": "25 40 0 40",
    "font-weight" : "bold",
    "font-ios" : "Roboto",
    "font-android" : "Roboto",
    "text-align" : "center"
  },

  "steps_hint": {
    "color": "#4b4c4d",
    "font-size": "22",
    "margin": "20 20 10 20",
    "font-weight": "bold"
  },
  "steps_field": {
    "border-color": "#252627",
    "border-radius": "3",
    "border-width": "2",
    "background-color": "#202122",
    "color": "#ffffff",
    "padding": "0 0 0 10",
    "margin": "0 20 0 20",
    "height": "40",
    "cursor-color": "#ffffff"
  },
  "steps_field_textarea": {
    "border-color": "#252627",
    "border-radius": "3",
    "border-width": "2",
    "background-color": "#202122",
    "color": "#ffffff",
    "padding": "0 0 0 10",
    "margin": "10 20 0 20",
    "cursor-color": "#ffffff"
  },
  "add_tag_button": {
    "background-color": "#40a862",
    "border-radius": "3",
    "width": "10%",
    "text-align": "center",
    "font-size": "36",
    "margin": "50 0 0 10",
    "vertical-align": "top",
    "cursor-color": "#ffffff"
  },
  "hinted_field_input": {
    "color": "#ffffff",
    "width": "95%",
    "cursor-color": "#ffffff"
  },
  "hinted_field_image": {
    "width": "15",
    "margin": "10 0 0 0"
  },
  "hinted_field_wrapper": {
    "border-color": "#252627",
    "border-radius": "3",
    "border-width": "2",
    "background-color": "#202122",
    "padding": "0 10 0 10",
    "margin": "0 20 0 20"
  },

  "form_label": {
    "color": "#4b4c4d",
    "font-size": "22",
    "margin": "20 10 10 10",
    "font-weight": "bold"
  },
  "button_primary": {
    "text-align": "center",
    "background-color": "#40A962",
    "color": "#ffffff",
    "font-size": "20",
    "font-weight": "bold",
    "padding": "20 0 20 0"
  },
  "button_chat": {
    "text-align": "center",
    "background-color": "#4286f4",
    "color": "#ffffff",
    "font-size": "20",
    "font-weight": "bold",
    "padding": "15 0 15 0"
  },
  "button_danger": {
    "text-align": "center",
    "background-color": "#e02c35",
    "color": "#ffffff",
    "font-size": "20",
    "font-weight": "bold",
    "padding": "15 0 15 0"
  },
  "formkit-radiobutton-unselected": {
    "color": "#ffffff",
    "border-color": "#ffffff",
    "border-radius": "5",
    "padding": "5 8 5 8",
    "margin": "0 5 10 0",
    "font-size": "15"
  },
  "formkit-radiobutton-selected": {
    "color": "#ffffff",
    "border-color": "#E87A3C",
    "border-radius": "5",
    "padding": "5 8 5 8",
    "background-color": "#E87A3C",
    "margin": "0 5 10 0",
    "font-size": "15"
  },
  "item_tab": {
    "background-color": "#1f1f1f",
    "color": "#ffffff",
    "width": "50%",
    "text-align": "center",
    "padding": "10 10 10 10"
  },
  "item_tab_active": {
    "background-color": "#1f1f1f",
    "color": "#E87A3C",
    "width": "50%",
    "text-align": "center",
    "padding": "10 10 10 10"
  },
  "validation_error_message": {
    "color": "#FF0000",
    "font-size": "14",
    "margin": "5 0 0 15"
  },
  "item_card_information_name": {
    "color": "#ffffff",
    "width": "70%"
  },
  "item_card_information_price": {
    "color": "#3ba95d",
    "width": "20%",
    "text-align": "right",
    "floating": "1",
    "float": "right"
  },
  "item_details_price": {
    "font-size": "18",
    "color": "#3fa45e",
    "width": "40%",
    "text-align": "right",
    "floating": "1",
    "float": "right"
  },

  "item_tag": {
    "color": "#ffffff",
    "background-color": "#4A90E2",
    "padding": "3 6 3 6",
    "font-size": "12",
    "border-radius": "5",
    "margin": "0 5 0 0"
  },
  "item_description": {
    "margin": "20 0 10 0",
    "padding": "0 10 0 10",
    "color": "#ffffff"
  },
  "item_card": {
    "background-color": "#1f1f1f",
    "margin": "0 10 10 10",
    "border-radius": "3",
    "font-size": "14"
  },
  "mitems_half_width_input": {
    "border-color": "#252627",
    "border-radius": "3",
    "border-width": "2",
    "background-color": "#202122",
    "padding": "0 10 0 10",
    "width": "48%",
    "margin": "0 5 0 0",
    "color": "#ffffff",
    "height": "40",
    "cursor-color": "#ffffff"
  },
  "mitems_full_width_input": {
    "border-color": "#252627",
    "border-radius": "3",
    "border-width": "2",
    "background-color": "#202122",
    "padding": "0 10 0 10",
    "margin": "0 10 0 0",
    "width": "75%",
    "cursor-color": "#ffffff",
    "color": "#ffffff"
  },
  "mitems_filter_label": {
    "color": "#4a4a4a",
    "font-weight": "bold",
    "margin": "10 20 10 0"
  }

}
